operator,Mean
Bird,17.6112467162872
JUMP,117.71856827622
LimeBike,50.413801495106
mobike,NA
ofo,54.8666250655136
Skip,24.0601585960961
Spin,53.2662596066172
