operator,median
Bird,15.2208333333333
JUMP,83.9739583333333
LimeBike,29.8506944444444
mobike,NA
ofo,35.0559027777778
Skip,21.5972222222222
Spin,25.1659722222222
