operator,Mean
Bird,17.61124672
JUMP,117.7185683
LimeBike,50.4138015
mobike,91.2765931
ofo,54.86662507
Skip,24.0601586
Spin,53.26625961